abcd  abcd@vj.com  01/01/2001  Student
efgh  efgh@vj.com  02/02/2002  Lecturer
ijkl  ijkl@vj.com  03/03/2003  Lab-Incharge
mnop  mnop@vj.com  04/04/2004  Manager
qrst  qrst@vj.com  05/05/2005  Student
uvwx  uvwx@vj.com  06/06/2006  Lecturer
Raja  raja@vj.com  07/07/2007  Lab-Incharge
Arun  arun@vj.com  08/08/2008  Manager
Ragu  ragu@vj.com  09/09/2009  Student
Ramu  ramu@vj.com  10/10/2010  Lecturer
Ravi  ravi@vj.com  11/11/2011  Lab-Incharge
